trade_id,datetime_utc,symbol,bitget_symbol,company,direction,entry_price,exit_price,quantity,collateral_usd,trade_volume_usd,fee_usd,gross_pnl_usd,net_pnl_usd,net_return_pct,balance_before,balance_after,z_score,hit_stop_loss,status
PT-rNVDA-0001,2026-07-13 16:00:00,rNVDA,NVDAUSDT,NVIDIA Corporation,SHORT,209.41,208.82,11.9383,2500.0,2500.0,3.0,7.04,4.04,0.16,50000.0,50004.04,1.81,False,WIN
PT-rNVDA-0002,2026-07-14 16:00:00,rNVDA,NVDAUSDT,NVIDIA Corporation,SHORT,208.82,207.8,11.972,2500.0,2499.99,3.0,12.21,9.21,0.37,50004.04,50013.25,1.52,False,WIN
PT-rAAPL-0088,2026-07-14 16:00:00,rAAPL,AAPLUSDT,Apple Inc.,SHORT,326.2,331.73,7.664,2500.0,2500.0,3.0,-42.38,-45.38,-1.82,50013.25,49967.87,1.68,False,LOSS
PT-rAAPL-0089,2026-07-15 16:00:00,rAAPL,AAPLUSDT,Apple Inc.,SHORT,331.73,332.34,7.5362,2500.0,2499.98,3.0,-4.6,-7.6,-0.3,49967.87,49960.27,1.93,False,LOSS
PT-rTSLA-0024,2026-07-16 16:00:00,rTSLA,TSLAUSDT,Tesla Motors Inc.,LONG,382.66,382.12,6.5332,2500.0,2499.99,3.0,-3.53,-6.53,-0.26,49960.27,49953.74,-1.68,False,LOSS
PT-rAAPL-0090,2026-07-16 16:00:00,rAAPL,AAPLUSDT,Apple Inc.,SHORT,332.34,332.49,7.5224,2500.0,2499.99,3.0,-1.13,-4.13,-0.17,49953.74,49949.61,1.81,False,LOSS
PT-rQQQ-0114,2026-07-16 16:00:00,rQQQ,QQQUSDT,Invesco QQQ Trust,LONG,700.81,695.59,3.5673,2500.0,2500.0,3.0,-18.62,-21.62,-0.86,49949.61,49927.99,-2.37,False,LOSS
PT-rTSLA-0025,2026-07-17 16:00:00,rTSLA,TSLAUSDT,Tesla Motors Inc.,LONG,382.12,382.16,6.5424,2500.0,2499.98,3.0,0.26,-2.74,-0.11,49927.99,49925.25,-1.77,False,LOSS
PT-rAAPL-0091,2026-07-17 16:00:00,rAAPL,AAPLUSDT,Apple Inc.,SHORT,332.49,333.8,7.519,2500.0,2499.99,3.0,-9.85,-12.85,-0.51,49925.25,49912.4,1.67,False,LOSS
PT-rQQQ-0115,2026-07-17 16:00:00,rQQQ,QQQUSDT,Invesco QQQ Trust,LONG,695.59,695.22,3.5941,2500.0,2500.02,3.0,-1.33,-4.33,-0.17,49912.4,49908.07,-2.7,False,LOSS
PT-rTSLA-0026,2026-07-18 16:00:00,rTSLA,TSLAUSDT,Tesla Motors Inc.,LONG,382.16,374.59,6.5418,2500.0,2500.01,3.0,-49.52,-52.52,-2.1,49908.07,49855.55,-1.81,False,LOSS
PT-rAAPL-0092,2026-07-18 16:00:00,rAAPL,AAPLUSDT,Apple Inc.,SHORT,333.8,326.2,7.4895,2500.0,2500.0,3.0,56.92,53.92,2.16,49855.55,49909.47,1.67,False,WIN
PT-rQQQ-0116,2026-07-18 16:00:00,rQQQ,QQQUSDT,Invesco QQQ Trust,LONG,695.22,703.43,3.596,2500.0,2500.01,3.0,29.52,26.52,1.06,49909.47,49935.99,-2.36,False,WIN
PT-rTSLA-0027,2026-07-19 16:00:00,rTSLA,TSLAUSDT,Tesla Motors Inc.,LONG,374.59,381.26,6.674,2500.0,2500.01,3.0,44.52,41.52,1.66,49935.99,49977.51,-2.26,False,WIN
PT-rCOIN-0047,2026-07-20 16:00:00,rCOIN,COINUSDT,Coinbase Global Inc.,SHORT,180.8,170.08,13.8274,2500.0,2499.99,3.0,148.23,145.23,5.81,49977.51,50122.74,3.99,False,WIN
PT-rNVDA-0003,2026-07-21 16:00:00,rNVDA,NVDAUSDT,NVIDIA Corporation,SHORT,213.37,208.24,11.7167,2500.0,2499.99,3.0,60.11,57.11,2.28,50122.74,50179.85,1.84,False,WIN
PT-rTSLA-0028,2026-07-21 16:00:00,rTSLA,TSLAUSDT,Tesla Motors Inc.,LONG,378.55,324.95,6.6041,2500.0,2499.98,3.0,-87.5,-90.5,-3.62,50179.85,50089.35,-1.65,True,LOSS
PT-rTSLA-0029,2026-07-22 16:00:00,rTSLA,TSLAUSDT,Tesla Motors Inc.,LONG,324.95,311.36,7.6935,2500.0,2500.0,3.0,-87.5,-90.5,-3.62,50089.35,49998.85,-6.21,True,LOSS
PT-rQQQ-0117,2026-07-22 16:00:00,rQQQ,QQQUSDT,Invesco QQQ Trust,LONG,692.51,692.51,3.6101,2500.0,2500.03,3.0,0.0,-3.0,-0.12,49998.85,49995.85,-2.11,False,LOSS
PT-rSPY-0134,2026-07-22 16:00:00,rSPY,SPYUSDT,SPDR S&P 500 ETF,LONG,738.85,743.99,3.3836,2500.0,2499.97,3.0,17.39,14.39,0.58,49995.85,50010.24,-2.73,False,WIN
PT-rTSLA-0030,2026-07-23 16:00:00,rTSLA,TSLAUSDT,Tesla Motors Inc.,LONG,311.36,311.33,8.0293,2500.0,2500.0,3.0,-0.24,-3.24,-0.13,50010.24,50007.0,-4.22,False,LOSS
PT-rAAPL-0093,2026-07-23 16:00:00,rAAPL,AAPLUSDT,Apple Inc.,SHORT,333.08,332.65,7.5057,2500.0,2500.0,3.0,3.23,0.23,0.01,50007.0,50007.23,1.54,False,WIN
PT-rQQQ-0118,2026-07-23 16:00:00,rQQQ,QQQUSDT,Invesco QQQ Trust,LONG,692.51,686.86,3.6101,2500.0,2500.03,3.0,-20.4,-23.4,-0.94,50007.23,49983.83,-1.82,False,LOSS
PT-rTSLA-0031,2026-07-24 16:00:00,rTSLA,TSLAUSDT,Tesla Motors Inc.,LONG,311.33,315.4,8.0301,2500.0,2500.01,3.0,32.68,29.68,1.19,49983.83,50013.51,-2.95,False,WIN
PT-rQQQ-0119,2026-07-24 16:00:00,rQQQ,QQQUSDT,Invesco QQQ Trust,LONG,686.86,691.68,3.6398,2500.0,2500.03,3.0,17.54,14.54,0.58,50013.51,50028.05,-2.08,False,WIN
PT-rSPY-0135,2026-07-24 16:00:00,rSPY,SPYUSDT,SPDR S&P 500 ETF,LONG,740.63,744.17,3.3755,2500.0,2500.0,3.0,11.95,8.95,0.36,50028.05,50037.0,-1.76,False,WIN
PT-rTSLA-0032,2026-07-25 16:00:00,rTSLA,TSLAUSDT,Tesla Motors Inc.,LONG,315.4,309.23,7.9264,2500.0,2499.99,3.0,-48.91,-51.91,-2.08,50037.0,49985.09,-2.22,False,LOSS
PT-rNVDA-0004,2026-07-26 16:00:00,rNVDA,NVDAUSDT,NVIDIA Corporation,LONG,197.78,198.38,12.6403,2500.0,2500.0,3.0,7.58,4.58,0.18,49985.09,49989.67,-1.93,False,WIN
PT-rTSLA-0033,2026-07-26 16:00:00,rTSLA,TSLAUSDT,Tesla Motors Inc.,LONG,309.23,310.22,8.0846,2500.0,2500.0,3.0,8.0,5.0,0.2,49989.67,49994.67,-2.09,False,WIN
PT-rAAPL-0094,2026-07-26 16:00:00,rAAPL,AAPLUSDT,Apple Inc.,SHORT,337.18,339.75,7.4144,2500.0,2499.99,3.0,-19.06,-22.06,-0.88,49994.67,49972.61,1.65,False,LOSS
PT-rQQQ-0120,2026-07-26 16:00:00,rQQQ,QQQUSDT,Invesco QQQ Trust,LONG,680.52,679.77,3.6737,2500.0,2500.03,3.0,-2.76,-5.76,-0.23,49972.61,49966.85,-2.17,False,LOSS
PT-rSPY-0136,2026-07-26 16:00:00,rSPY,SPYUSDT,SPDR S&P 500 ETF,LONG,738.3,743.33,3.3862,2500.0,2500.03,3.0,17.03,14.03,0.56,49966.85,49980.88,-1.92,False,WIN
PT-rNVDA-0005,2026-07-27 16:00:00,rNVDA,NVDAUSDT,NVIDIA Corporation,LONG,198.38,192.09,12.6021,2500.0,2500.0,3.0,-87.5,-90.5,-3.62,49980.88,49890.38,-1.98,True,LOSS
PT-rTSLA-0034,2026-07-27 16:00:00,rTSLA,TSLAUSDT,Tesla Motors Inc.,LONG,310.22,302.19,8.0588,2500.0,2500.0,3.0,-64.71,-67.71,-2.71,49890.38,49822.67,-1.78,False,LOSS
PT-rAAPL-0095,2026-07-27 16:00:00,rAAPL,AAPLUSDT,Apple Inc.,SHORT,339.75,341.09,7.3584,2500.0,2500.02,3.0,-9.86,-12.86,-0.51,49822.67,49809.81,1.77,False,LOSS
PT-rQQQ-0121,2026-07-27 16:00:00,rQQQ,QQQUSDT,Invesco QQQ Trust,LONG,679.77,667.3,3.6777,2500.0,2499.99,3.0,-45.86,-48.86,-1.95,49809.81,49760.95,-1.92,False,LOSS
PT-rNVDA-0006,2026-07-28 16:00:00,rNVDA,NVDAUSDT,NVIDIA Corporation,LONG,192.09,193.34,13.0147,2500.0,2499.99,3.0,16.27,13.27,0.53,49760.95,49774.22,-3.59,False,WIN
PT-rTSLA-0035,2026-07-28 16:00:00,rTSLA,TSLAUSDT,Tesla Motors Inc.,LONG,302.19,305.77,8.2729,2500.0,2499.99,3.0,29.62,26.62,1.06,49774.22,49800.84,-1.78,False,WIN
PT-rAAPL-0096,2026-07-28 16:00:00,rAAPL,AAPLUSDT,Apple Inc.,SHORT,341.09,332.04,7.3294,2500.0,2499.99,3.0,66.33,63.33,2.53,49800.84,49864.17,1.77,False,WIN
PT-rQQQ-0122,2026-07-28 16:00:00,rQQQ,QQQUSDT,Invesco QQQ Trust,LONG,667.3,680.79,3.7464,2500.0,2499.97,3.0,50.54,47.54,1.9,49864.17,49911.71,-2.52,False,WIN
PT-rSPY-0137,2026-07-28 16:00:00,rSPY,SPYUSDT,SPDR S&P 500 ETF,LONG,735.14,738.23,3.4007,2500.0,2499.99,3.0,10.51,7.51,0.3,49911.71,49919.22,-2.29,False,WIN
PT-rNVDA-0007,2026-07-29 16:00:00,rNVDA,NVDAUSDT,NVIDIA Corporation,LONG,193.34,196.53,12.9306,2500.0,2500.0,3.0,41.25,38.25,1.53,49919.22,49957.47,-2.52,False,WIN
PT-rNVDA-0008,2026-07-30 16:00:00,rNVDA,NVDAUSDT,NVIDIA Corporation,LONG,196.53,199.41,12.7207,2500.0,2500.0,3.0,36.64,33.64,1.35,49957.47,49991.11,-1.54,False,WIN
PT-rCOIN-0048,2026-07-30 16:00:00,rCOIN,COINUSDT,Coinbase Global Inc.,LONG,141.73,146.62,17.6392,2500.0,2500.0,3.0,86.26,83.26,3.33,49991.11,50074.37,-3.82,False,WIN
PT-rMSTR-0067,2026-07-30 16:00:00,rMSTR,MSTRUSDT,MicroStrategy Inc.,LONG,91.78,93.67,27.239,2500.0,2500.0,3.0,51.48,48.48,1.94,50074.37,50122.85,-1.64,False,WIN
PT-rAAPL-0097,2026-07-30 16:00:00,rAAPL,AAPLUSDT,Apple Inc.,LONG,301.92,308.4,8.2803,2500.0,2499.99,3.0,53.66,50.66,2.03,50122.85,50173.51,-3.31,False,WIN
PT-rCOIN-0049,2026-07-31 16:00:00,rCOIN,COINUSDT,Coinbase Global Inc.,LONG,146.62,146.77,17.0509,2500.0,2500.0,3.0,2.56,-0.44,-0.02,50173.51,50173.07,-2.1,False,LOSS
PT-rAAPL-0098,2026-07-31 16:00:00,rAAPL,AAPLUSDT,Apple Inc.,LONG,308.4,310.33,8.1064,2500.0,2500.01,3.0,15.65,12.65,0.51,50173.07,50185.72,-2.03,False,WIN
PT-rCOIN-0050,2026-08-01 16:00:00,rCOIN,COINUSDT,Coinbase Global Inc.,LONG,146.77,149.33,17.0335,2500.0,2500.01,3.0,-87.5,-90.5,-3.62,50185.72,50095.22,-1.8,True,LOSS
PT-rAAPL-0099,2026-08-01 16:00:00,rAAPL,AAPLUSDT,Apple Inc.,LONG,310.33,304.28,8.0559,2500.0,2499.99,3.0,-48.74,-51.74,-2.07,50095.22,50043.48,-1.7,False,LOSS
PT-rAAPL-0100,2026-08-02 16:00:00,rAAPL,AAPLUSDT,Apple Inc.,LONG,304.28,306.92,8.2161,2500.0,2499.99,3.0,21.69,18.69,0.75,50043.48,50062.17,-2.17,False,WIN
PT-rSPY-0138,2026-08-02 16:00:00,rSPY,SPYUSDT,SPDR S&P 500 ETF,SHORT,756.79,769.41,3.3034,2500.0,2499.98,3.0,-41.69,-44.69,-1.79,50062.17,50017.48,2.28,False,LOSS
PT-rAAPL-0101,2026-08-03 16:00:00,rAAPL,AAPLUSDT,Apple Inc.,LONG,306.92,308.39,8.1454,2500.0,2499.99,3.0,11.97,8.97,0.36,50017.48,50026.45,-1.75,False,WIN
PT-rQQQ-0123,2026-08-03 16:00:00,rQQQ,QQQUSDT,Invesco QQQ Trust,SHORT,719.47,720.83,3.4748,2500.0,2500.01,3.0,-4.73,-7.73,-0.31,50026.45,50018.72,2.16,False,LOSS
PT-rSPY-0139,2026-08-03 16:00:00,rSPY,SPYUSDT,SPDR S&P 500 ETF,SHORT,769.41,771.24,3.2492,2500.0,2499.97,3.0,-5.95,-8.95,-0.36,50018.72,50009.77,4.32,False,LOSS
PT-rNVDA-0009,2026-08-04 16:00:00,rNVDA,NVDAUSDT,NVIDIA Corporation,SHORT,219.18,217.96,11.4062,2500.0,2500.01,3.0,13.92,10.92,0.44,50009.77,50020.69,2.67,False,WIN
PT-rQQQ-0124,2026-08-04 16:00:00,rQQQ,QQQUSDT,Invesco QQQ Trust,SHORT,720.83,716.05,3.4682,2500.0,2499.98,3.0,16.58,13.58,0.54,50020.69,50034.27,2.19,False,WIN
PT-rSPY-0140,2026-08-04 16:00:00,rSPY,SPYUSDT,SPDR S&P 500 ETF,SHORT,771.24,769.36,3.2415,2500.0,2499.97,3.0,6.09,3.09,0.12,50034.27,50037.36,3.35,False,WIN
PT-rNVDA-0010,2026-08-05 16:00:00,rNVDA,NVDAUSDT,NVIDIA Corporation,SHORT,217.96,223.8,11.47,2500.0,2500.0,3.0,-66.98,-69.98,-2.8,50037.36,49967.38,2.05,False,LOSS
PT-rQQQ-0125,2026-08-05 16:00:00,rQQQ,QQQUSDT,Invesco QQQ Trust,SHORT,716.05,723.19,3.4914,2500.0,2500.02,3.0,-24.93,-27.93,-1.12,49967.38,49939.45,1.65,False,LOSS
PT-rSPY-0141,2026-08-05 16:00:00,rSPY,SPYUSDT,SPDR S&P 500 ETF,SHORT,769.36,774.12,3.2495,2500.0,2500.04,3.0,-15.47,-18.47,-0.74,49939.45,49920.98,2.45,False,LOSS
PT-rNVDA-0011,2026-08-06 16:00:00,rNVDA,NVDAUSDT,NVIDIA Corporation,SHORT,223.8,224.15,11.1707,2500.0,2500.0,3.0,-3.91,-6.91,-0.28,49920.98,49914.07,2.59,False,LOSS
PT-rMSTR-0068,2026-08-06 16:00:00,rMSTR,MSTRUSDT,MicroStrategy Inc.,SHORT,101.61,101.62,24.6039,2500.0,2500.0,3.0,-0.25,-3.25,-0.13,49914.07,49910.82,2.22,False,LOSS
PT-rQQQ-0126,2026-08-06 16:00:00,rQQQ,QQQUSDT,Invesco QQQ Trust,SHORT,723.19,723.39,3.4569,2500.0,2500.0,3.0,-0.69,-3.69,-0.15,49910.82,49907.13,2.02,False,LOSS
PT-rSPY-0142,2026-08-06 16:00:00,rSPY,SPYUSDT,SPDR S&P 500 ETF,SHORT,774.12,773.98,3.2295,2500.0,2500.02,3.0,0.45,-2.55,-0.1,49907.13,49904.58,2.51,False,LOSS
PT-rNVDA-0012,2026-08-07 16:00:00,rNVDA,NVDAUSDT,NVIDIA Corporation,SHORT,224.15,225.16,11.1532,2500.0,2499.99,3.0,-11.26,-14.26,-0.57,49904.58,49890.32,2.18,False,LOSS
PT-rMSTR-0069,2026-08-07 16:00:00,rMSTR,MSTRUSDT,MicroStrategy Inc.,SHORT,101.62,103.34,24.6015,2500.0,2500.0,3.0,-42.31,-45.31,-1.81,49890.32,49845.01,1.9,False,LOSS
PT-rQQQ-0127,2026-08-07 16:00:00,rQQQ,QQQUSDT,Invesco QQQ Trust,SHORT,723.39,724.63,3.456,2500.0,2500.04,3.0,-4.29,-7.29,-0.29,49845.01,49837.72,1.77,False,LOSS
PT-rSPY-0143,2026-08-07 16:00:00,rSPY,SPYUSDT,SPDR S&P 500 ETF,SHORT,773.98,774.95,3.2301,2500.0,2500.03,3.0,-3.13,-6.13,-0.25,49837.72,49831.59,2.08,False,LOSS
PT-rNVDA-0013,2026-08-08 16:00:00,rNVDA,NVDAUSDT,NVIDIA Corporation,SHORT,225.16,219.8,11.1032,2500.0,2500.0,3.0,59.51,56.51,2.26,49831.59,49888.1,1.97,False,WIN
PT-rMSTR-0070,2026-08-08 16:00:00,rMSTR,MSTRUSDT,MicroStrategy Inc.,SHORT,103.34,98.15,24.192,2500.0,2500.0,3.0,125.56,122.56,4.9,49888.1,50010.66,2.2,False,WIN
PT-rQQQ-0128,2026-08-08 16:00:00,rQQQ,QQQUSDT,Invesco QQQ Trust,SHORT,724.63,724.26,3.45,2500.0,2499.97,3.0,1.28,-1.72,-0.07,50010.66,50008.94,1.64,False,LOSS
PT-rSPY-0144,2026-08-08 16:00:00,rSPY,SPYUSDT,SPDR S&P 500 ETF,SHORT,774.95,775.16,3.226,2500.0,2499.99,3.0,-0.68,-3.68,-0.15,50008.94,50005.26,1.86,False,LOSS
PT-rSPY-0145,2026-08-09 16:00:00,rSPY,SPYUSDT,SPDR S&P 500 ETF,SHORT,775.16,772.78,3.2251,2500.0,2499.97,3.0,7.68,4.68,0.19,50005.26,50009.94,1.65,False,WIN
PT-rTSLA-0036,2026-08-12 16:00:00,rTSLA,TSLAUSDT,Tesla Motors Inc.,SHORT,333.45,339.32,7.4974,2500.0,2500.01,3.0,-87.5,-90.5,-3.62,50009.94,49919.44,1.51,True,LOSS
PT-rQQQ-0129,2026-08-12 16:00:00,rQQQ,QQQUSDT,Invesco QQQ Trust,SHORT,731.15,730.45,3.4193,2500.0,2500.02,3.0,2.39,-0.61,-0.02,49919.44,49918.83,1.54,False,LOSS
PT-rTSLA-0037,2026-08-13 16:00:00,rTSLA,TSLAUSDT,Tesla Motors Inc.,SHORT,339.32,342.67,7.3677,2500.0,2500.01,3.0,-24.68,-27.68,-1.11,49918.83,49891.15,1.92,False,LOSS
PT-rTSLA-0038,2026-08-14 16:00:00,rTSLA,TSLAUSDT,Tesla Motors Inc.,SHORT,342.67,342.87,7.2956,2500.0,2499.98,3.0,-1.46,-4.46,-0.18,49891.15,49886.69,1.98,False,LOSS
PT-rTSLA-0039,2026-08-15 16:00:00,rTSLA,TSLAUSDT,Tesla Motors Inc.,SHORT,342.87,341.94,7.2914,2500.0,2500.0,3.0,6.78,3.78,0.15,49886.69,49890.47,1.73,False,WIN
PT-rTSLA-0040,2026-08-18 16:00:00,rTSLA,TSLAUSDT,Tesla Motors Inc.,SHORT,347.28,346.08,7.1988,2500.0,2500.0,3.0,8.64,5.64,0.23,49890.47,49896.11,1.72,False,WIN
PT-rCOIN-0051,2026-08-18 16:00:00,rCOIN,COINUSDT,Coinbase Global Inc.,SHORT,163.49,172.5,15.2915,2500.0,2500.01,3.0,-87.5,-90.5,-3.62,49896.11,49805.61,3.34,True,LOSS
PT-rMSTR-0071,2026-08-18 16:00:00,rMSTR,MSTRUSDT,MicroStrategy Inc.,SHORT,105.7,113.19,23.6518,2500.0,2500.0,3.0,-87.5,-90.5,-3.62,49805.61,49715.11,3.2,True,LOSS
PT-rCOIN-0052,2026-08-19 16:00:00,rCOIN,COINUSDT,Coinbase Global Inc.,SHORT,172.5,189.12,14.4928,2500.0,2500.01,3.0,-87.5,-90.5,-3.62,49715.11,49624.61,5.29,True,LOSS
PT-rMSTR-0072,2026-08-19 16:00:00,rMSTR,MSTRUSDT,MicroStrategy Inc.,SHORT,113.19,120.28,22.0868,2500.0,2500.0,3.0,-87.5,-90.5,-3.62,49624.61,49534.11,4.6,True,LOSS
PT-rAAPL-0102,2026-08-19 16:00:00,rAAPL,AAPLUSDT,Apple Inc.,SHORT,317.28,311.86,7.8795,2500.0,2500.01,3.0,42.71,39.71,1.59,49534.11,49573.82,2.48,False,WIN
PT-rTSLA-0041,2026-08-20 16:00:00,rTSLA,TSLAUSDT,Tesla Motors Inc.,SHORT,362.82,361.85,6.8905,2500.0,2500.01,3.0,6.68,3.68,0.15,49573.82,49577.5,2.99,False,WIN
PT-rCOIN-0053,2026-08-20 16:00:00,rCOIN,COINUSDT,Coinbase Global Inc.,SHORT,189.12,184.76,13.2191,2500.0,2500.0,3.0,57.64,54.64,2.19,49577.5,49632.14,6.19,False,WIN
PT-rMSTR-0073,2026-08-20 16:00:00,rMSTR,MSTRUSDT,MicroStrategy Inc.,SHORT,120.28,120.2,20.7848,2500.0,2500.0,3.0,1.66,-1.34,-0.05,49632.14,49630.8,4.61,False,LOSS
PT-rTSLA-0042,2026-08-21 16:00:00,rTSLA,TSLAUSDT,Tesla Motors Inc.,SHORT,361.85,363.25,6.9089,2500.0,2499.99,3.0,-9.67,-12.67,-0.51,49630.8,49618.13,2.46,False,LOSS
PT-rCOIN-0054,2026-08-21 16:00:00,rCOIN,COINUSDT,Coinbase Global Inc.,SHORT,184.76,185.56,13.5311,2500.0,2500.01,3.0,-10.82,-13.82,-0.55,49618.13,49604.31,3.08,False,LOSS
PT-rMSTR-0074,2026-08-21 16:00:00,rMSTR,MSTRUSDT,MicroStrategy Inc.,SHORT,120.2,119.49,20.7987,2500.0,2500.0,3.0,14.77,11.77,0.47,49604.31,49616.08,3.09,False,WIN
PT-rTSLA-0043,2026-08-22 16:00:00,rTSLA,TSLAUSDT,Tesla Motors Inc.,SHORT,363.25,356.27,6.8823,2500.0,2500.0,3.0,48.04,45.04,1.8,49616.08,49661.12,2.3,False,WIN
PT-rCOIN-0055,2026-08-22 16:00:00,rCOIN,COINUSDT,Coinbase Global Inc.,SHORT,185.56,184.18,13.4727,2500.0,2499.99,3.0,18.59,15.59,0.62,49661.12,49676.71,2.5,False,WIN
PT-rMSTR-0075,2026-08-22 16:00:00,rMSTR,MSTRUSDT,MicroStrategy Inc.,SHORT,119.49,125.17,20.9223,2500.0,2500.01,3.0,-87.5,-90.5,-3.62,49676.71,49586.21,2.36,True,LOSS
PT-rNVDA-0014,2026-08-23 16:00:00,rNVDA,NVDAUSDT,NVIDIA Corporation,LONG,210.45,211.8,11.8793,2500.0,2500.0,3.0,16.04,13.04,0.52,49586.21,49599.25,-2.46,False,WIN
PT-rCOIN-0056,2026-08-23 16:00:00,rCOIN,COINUSDT,Coinbase Global Inc.,SHORT,184.18,186.71,13.5737,2500.0,2500.0,3.0,-34.34,-37.34,-1.49,49599.25,49561.91,1.98,False,LOSS
PT-rMSTR-0076,2026-08-23 16:00:00,rMSTR,MSTRUSDT,MicroStrategy Inc.,SHORT,125.17,127.59,19.9728,2500.0,2500.0,3.0,-48.33,-51.33,-2.05,49561.91,49510.58,2.63,False,LOSS
PT-rQQQ-0130,2026-08-23 16:00:00,rQQQ,QQQUSDT,Invesco QQQ Trust,LONG,708.57,711.07,3.5282,2500.0,2499.98,3.0,8.82,5.82,0.23,49510.58,49516.4,-2.08,False,WIN
PT-rSPY-0146,2026-08-23 16:00:00,rSPY,SPYUSDT,SPDR S&P 500 ETF,LONG,764.72,765.9,3.2692,2500.0,2500.02,3.0,3.86,0.86,0.03,49516.4,49517.26,-1.97,False,WIN
PT-rNVDA-0015,2026-08-24 16:00:00,rNVDA,NVDAUSDT,NVIDIA Corporation,LONG,211.8,210.84,11.8036,2500.0,2500.0,3.0,-11.33,-14.33,-0.57,49517.26,49502.93,-2.12,False,LOSS
PT-rCOIN-0057,2026-08-24 16:00:00,rCOIN,COINUSDT,Coinbase Global Inc.,SHORT,186.71,181.04,13.3897,2500.0,2499.99,3.0,75.92,72.92,2.92,49502.93,49575.85,1.89,False,WIN
PT-rMSTR-0077,2026-08-24 16:00:00,rMSTR,MSTRUSDT,MicroStrategy Inc.,SHORT,127.59,122.16,19.594,2500.0,2500.0,3.0,106.4,103.4,4.14,49575.85,49679.25,2.4,False,WIN
PT-rNVDA-0016,2026-08-25 16:00:00,rNVDA,NVDAUSDT,NVIDIA Corporation,LONG,210.84,226.16,11.8573,2500.0,2499.99,3.0,181.65,178.65,7.15,49679.25,49857.9,-2.05,False,WIN
PT-rMSTR-0078,2026-08-25 16:00:00,rMSTR,MSTRUSDT,MicroStrategy Inc.,SHORT,122.16,137.85,20.465,2500.0,2500.0,3.0,-87.5,-90.5,-3.62,49857.9,49767.4,1.54,True,LOSS
PT-rCOIN-0058,2026-08-26 16:00:00,rCOIN,COINUSDT,Coinbase Global Inc.,SHORT,192.92,180.2,12.9587,2500.0,2499.99,3.0,164.83,161.83,6.47,49767.4,49929.23,1.91,False,WIN
PT-rMSTR-0079,2026-08-26 16:00:00,rMSTR,MSTRUSDT,MicroStrategy Inc.,SHORT,137.85,128.24,18.1357,2500.0,2500.01,3.0,-87.5,-90.5,-3.62,49929.23,49838.73,2.71,True,LOSS
PT-rMSTR-0080,2026-08-27 16:00:00,rMSTR,MSTRUSDT,MicroStrategy Inc.,SHORT,128.24,128.02,19.4947,2500.0,2500.0,3.0,4.29,1.29,0.05,49838.73,49840.02,1.5,False,WIN
PT-rAAPL-0103,2026-08-27 16:00:00,rAAPL,AAPLUSDT,Apple Inc.,SHORT,321.53,320.54,7.7753,2500.0,2499.99,3.0,7.7,4.7,0.19,49840.02,49844.72,2.81,False,WIN
PT-rAAPL-0104,2026-08-28 16:00:00,rAAPL,AAPLUSDT,Apple Inc.,SHORT,320.54,321.33,7.7993,2500.0,2499.99,3.0,-6.16,-9.16,-0.37,49844.72,49835.56,2.11,False,LOSS
PT-rAAPL-0105,2026-08-29 16:00:00,rAAPL,AAPLUSDT,Apple Inc.,SHORT,321.33,315.08,7.7802,2500.0,2500.01,3.0,48.63,45.63,1.83,49835.56,49881.19,2.01,False,WIN
PT-rTSLA-0044,2026-08-30 16:00:00,rTSLA,TSLAUSDT,Tesla Motors Inc.,SHORT,365.65,359.19,6.8371,2500.0,2499.99,3.0,44.17,41.17,1.65,49881.19,49922.36,1.91,False,WIN
PT-rAAPL-0106,2026-08-31 16:00:00,rAAPL,AAPLUSDT,Apple Inc.,SHORT,326.55,325.35,7.6558,2500.0,2500.0,3.0,9.19,6.19,0.25,49922.36,49928.55,2.57,False,WIN
PT-rNVDA-0017,2026-09-01 16:00:00,rNVDA,NVDAUSDT,NVIDIA Corporation,SHORT,227.63,227.52,10.9827,2500.0,2499.99,3.0,1.21,-1.79,-0.07,49928.55,49926.76,1.6,False,LOSS
PT-rAAPL-0107,2026-09-01 16:00:00,rAAPL,AAPLUSDT,Apple Inc.,SHORT,325.35,329.96,7.684,2500.0,2499.99,3.0,-35.42,-38.42,-1.54,49926.76,49888.34,2.01,False,LOSS
PT-rTSLA-0045,2026-09-02 16:00:00,rTSLA,TSLAUSDT,Tesla Motors Inc.,SHORT,382.73,352.16,6.532,2500.0,2499.99,3.0,199.68,196.68,7.87,49888.34,50085.02,3.93,False,WIN
PT-rCOIN-0059,2026-09-02 16:00:00,rCOIN,COINUSDT,Coinbase Global Inc.,SHORT,195.8,185.68,12.7681,2500.0,2499.99,3.0,129.21,126.21,5.05,50085.02,50211.23,1.5,False,WIN
PT-rMSTR-0081,2026-09-02 16:00:00,rMSTR,MSTRUSDT,MicroStrategy Inc.,SHORT,140.21,142.0,17.8304,2500.0,2500.0,3.0,-87.5,-90.5,-3.62,50211.23,50120.73,1.66,True,LOSS
PT-rAAPL-0108,2026-09-02 16:00:00,rAAPL,AAPLUSDT,Apple Inc.,SHORT,329.96,321.3,7.5767,2500.0,2500.01,3.0,65.61,62.61,2.5,50120.73,50183.34,2.51,False,WIN
PT-rNVDA-0018,2026-09-03 16:00:00,rNVDA,NVDAUSDT,NVIDIA Corporation,SHORT,231.33,231.19,10.8071,2500.0,2500.01,3.0,1.51,-1.49,-0.06,50183.34,50181.85,2.15,False,LOSS
PT-rMSTR-0082,2026-09-03 16:00:00,rMSTR,MSTRUSDT,MicroStrategy Inc.,SHORT,142.0,143.12,17.6056,2500.0,2500.0,3.0,-19.72,-22.72,-0.91,50181.85,50159.13,1.64,False,LOSS
PT-rNVDA-0019,2026-09-04 16:00:00,rNVDA,NVDAUSDT,NVIDIA Corporation,SHORT,231.19,231.28,10.8136,2500.0,2500.0,3.0,-0.97,-3.97,-0.16,50159.13,50155.16,1.9,False,LOSS
PT-rMSTR-0083,2026-09-04 16:00:00,rMSTR,MSTRUSDT,MicroStrategy Inc.,SHORT,143.12,143.48,17.4679,2500.0,2500.01,3.0,-6.29,-9.29,-0.37,50155.16,50145.87,1.6,False,LOSS
PT-rNVDA-0020,2026-09-05 16:00:00,rNVDA,NVDAUSDT,NVIDIA Corporation,SHORT,231.28,231.8,10.8094,2500.0,2500.0,3.0,-5.62,-8.62,-0.34,50145.87,50137.25,1.74,False,LOSS
PT-rMSTR-0084,2026-09-05 16:00:00,rMSTR,MSTRUSDT,MicroStrategy Inc.,SHORT,143.48,140.57,17.424,2500.0,2500.0,3.0,50.7,47.7,1.91,50137.25,50184.95,1.53,False,WIN
PT-rNVDA-0021,2026-09-06 16:00:00,rNVDA,NVDAUSDT,NVIDIA Corporation,SHORT,231.8,226.45,10.7852,2500.0,2500.01,3.0,57.7,54.7,2.19,50184.95,50239.65,1.73,False,WIN
PT-rTSLA-0046,2026-09-08 16:00:00,rTSLA,TSLAUSDT,Tesla Motors Inc.,SHORT,370.74,366.91,6.7433,2500.0,2500.01,3.0,25.83,22.83,0.91,50239.65,50262.48,1.62,False,WIN
PT-rSPY-0147,2026-09-08 16:00:00,rSPY,SPYUSDT,SPDR S&P 500 ETF,LONG,762.67,759.13,3.278,2500.0,2500.03,3.0,-11.6,-14.6,-0.58,50262.48,50247.88,-2.14,False,LOSS
PT-rCOIN-0060,2026-09-09 16:00:00,rCOIN,COINUSDT,Coinbase Global Inc.,LONG,173.28,177.99,14.4275,2500.0,2500.0,3.0,67.95,64.95,2.6,50247.88,50312.83,-2.33,False,WIN
PT-rSPY-0148,2026-09-09 16:00:00,rSPY,SPYUSDT,SPDR S&P 500 ETF,LONG,759.13,766.03,3.2932,2500.0,2499.97,3.0,22.72,19.72,0.79,50312.83,50332.55,-3.11,False,WIN
PT-rAAPL-0109,2026-09-10 16:00:00,rAAPL,AAPLUSDT,Apple Inc.,SHORT,334.06,333.69,7.4837,2500.0,2500.0,3.0,2.77,-0.23,-0.01,50332.55,50332.32,2.81,False,LOSS
PT-rAAPL-0110,2026-09-11 16:00:00,rAAPL,AAPLUSDT,Apple Inc.,SHORT,333.69,331.26,7.492,2500.0,2500.01,3.0,18.21,15.21,0.61,50332.32,50347.53,2.27,False,WIN
PT-rCOIN-0061,2026-09-12 16:00:00,rCOIN,COINUSDT,Coinbase Global Inc.,LONG,173.17,188.65,14.4367,2500.0,2500.0,3.0,223.48,220.48,8.82,50347.53,50568.01,-1.76,False,WIN
PT-rAAPL-0111,2026-09-12 16:00:00,rAAPL,AAPLUSDT,Apple Inc.,SHORT,331.26,335.0,7.5469,2500.0,2499.99,3.0,-28.23,-31.23,-1.25,50568.01,50536.78,1.6,False,LOSS
PT-rQQQ-0131,2026-09-12 16:00:00,rQQQ,QQQUSDT,Invesco QQQ Trust,LONG,708.86,710.33,3.5268,2500.0,2500.01,3.0,5.18,2.18,0.09,50536.78,50538.96,-1.81,False,WIN
PT-rSPY-0149,2026-09-12 16:00:00,rSPY,SPYUSDT,SPDR S&P 500 ETF,LONG,760.82,762.83,3.2859,2500.0,2499.98,3.0,6.6,3.6,0.14,50538.96,50542.56,-1.96,False,WIN
PT-rNVDA-0022,2026-09-13 16:00:00,rNVDA,NVDAUSDT,NVIDIA Corporation,LONG,212.37,212.42,11.7719,2500.0,2500.0,3.0,0.59,-2.41,-0.1,50542.56,50540.15,-1.67,False,LOSS
PT-rAAPL-0112,2026-09-13 16:00:00,rAAPL,AAPLUSDT,Apple Inc.,SHORT,335.0,329.71,7.4627,2500.0,2500.0,3.0,39.48,36.48,1.46,50540.15,50576.63,2.0,False,WIN
PT-rNVDA-0023,2026-09-14 16:00:00,rNVDA,NVDAUSDT,NVIDIA Corporation,LONG,212.42,216.37,11.7691,2500.0,2499.99,3.0,46.49,43.49,1.74,50576.63,50620.12,-1.68,False,WIN
PT-rQQQ-0132,2026-09-14 16:00:00,rQQQ,QQQUSDT,Invesco QQQ Trust,LONG,706.54,711.71,3.5384,2500.0,2500.02,3.0,18.29,15.29,0.61,50620.12,50635.41,-2.37,False,WIN
PT-rSPY-0150,2026-09-14 16:00:00,rSPY,SPYUSDT,SPDR S&P 500 ETF,LONG,758.53,761.7,3.2958,2500.0,2499.96,3.0,10.45,7.45,0.3,50635.41,50642.86,-2.27,False,WIN
PT-rCOIN-0062,2026-09-15 16:00:00,rCOIN,COINUSDT,Coinbase Global Inc.,LONG,165.63,170.13,15.0939,2500.0,2500.0,3.0,67.92,64.92,2.6,50642.86,50707.78,-2.85,False,WIN
PT-rCOIN-0063,2026-09-16 16:00:00,rCOIN,COINUSDT,Coinbase Global Inc.,LONG,170.13,192.76,14.6946,2500.0,2499.99,3.0,332.54,329.54,13.18,50707.78,51037.32,-1.69,False,WIN
PT-rAAPL-0113,2026-09-16 16:00:00,rAAPL,AAPLUSDT,Apple Inc.,SHORT,335.09,335.03,7.4607,2500.0,2500.01,3.0,0.45,-2.55,-0.1,51037.32,51034.77,1.62,False,LOSS
PT-rCOIN-0064,2026-09-17 16:00:00,rCOIN,COINUSDT,Coinbase Global Inc.,SHORT,192.76,196.18,12.9695,2500.0,2500.0,3.0,-44.36,-47.36,-1.89,51034.77,50987.41,1.88,False,LOSS
PT-rMSTR-0085,2026-09-17 16:00:00,rMSTR,MSTRUSDT,MicroStrategy Inc.,SHORT,149.09,158.94,16.7684,2500.0,2500.0,3.0,-87.5,-90.5,-3.62,50987.41,50896.91,2.62,True,LOSS
PT-rSPY-0151,2026-09-17 16:00:00,rSPY,SPYUSDT,SPDR S&P 500 ETF,LONG,759.63,763.84,3.2911,2500.0,2500.02,3.0,13.86,10.86,0.43,50896.91,50907.77,-1.51,False,WIN
PT-rCOIN-0065,2026-09-18 16:00:00,rCOIN,COINUSDT,Coinbase Global Inc.,SHORT,196.18,194.21,12.7434,2500.0,2500.0,3.0,25.1,22.1,0.88,50907.77,50929.87,2.12,False,WIN
PT-rMSTR-0086,2026-09-18 16:00:00,rMSTR,MSTRUSDT,MicroStrategy Inc.,SHORT,158.94,154.94,15.7292,2500.0,2500.0,3.0,62.92,59.92,2.4,50929.87,50989.79,3.65,False,WIN
PT-rQQQ-0133,2026-09-18 16:00:00,rQQQ,QQQUSDT,Invesco QQQ Trust,SHORT,721.99,720.78,3.4627,2500.0,2500.03,3.0,4.19,1.19,0.05,50989.79,50990.98,1.56,False,WIN
PT-rCOIN-0066,2026-09-19 16:00:00,rCOIN,COINUSDT,Coinbase Global Inc.,SHORT,194.21,193.89,12.8727,2500.0,2500.01,3.0,4.12,1.12,0.04,50990.98,50992.1,1.58,False,WIN
PT-rMSTR-0087,2026-09-19 16:00:00,rMSTR,MSTRUSDT,MicroStrategy Inc.,SHORT,154.94,154.81,16.1353,2500.0,2500.0,3.0,2.1,-0.9,-0.04,50992.1,50991.2,2.24,False,LOSS
